Workbook

Sheet Teamopdracht
A1: Beoordelingsformulier project
A2: Naam Team | H2: Onderwerp | I2: Afgerond | J2: Nog niet volledig | K2: Niet afgerond | L2: Opmerkingen
A3: URL Scrumbord (Trello,…) | H3: ='Overzicht alle opdrachten'!B7 -> ACL
A4: Naam student 1 | H4: ='Overzicht alle opdrachten'!B8 -> IPv6
A5: Naam student 2 | H5: ='Overzicht alle opdrachten'!B9 -> NAT/PAT
A6: Naam student 3 | H6: ='Overzicht alle opdrachten'!B10 -> Proxmox (2x) in cluster
A7: Naam student 4 | H7: ='Overzicht alle opdrachten'!B11 -> TrueNas als shared storage
A8: Naam student 5 | H8: ='Overzicht alle opdrachten'!B12 -> VM's Migreren
A9: Naam student 6 | H9: ='Overzicht alle opdrachten'!B13 -> VYOS met RIP of OSPF
H10: ='Overzicht alle opdrachten'!B14 -> Mail
H11: ='Overzicht alle opdrachten'!B15 -> SSH ww+username
A12: Documentatie | B12: Sprint4 | C12: Sprint5 | D12: Sprint6 | E12: Sprint7 | F12: Sprint8 | H12: ='Overzicht alle opdrachten'!B16 -> Webserver+CMS
A13: ='Overzicht alle opdrachten'!B2 -> Demo draaiboek | H13: ='Overzicht alle opdrachten'!B17 -> DHCP met Relay
A14: ='Overzicht alle opdrachten'!B3 -> Documentatie | H14: ='Overzicht alle opdrachten'!B18 -> DNS+Reverse
A15: ='Overzicht alle opdrachten'!B4 -> Handleiding | H15: ='Overzicht alle opdrachten'!B19 -> Domain controllers (GUI+Core)
A16: ='Overzicht alle opdrachten'!B5 -> IP Plan | H16: ='Overzicht alle opdrachten'!B20 -> GPO
A17: ='Overzicht alle opdrachten'!B6 -> Netwerk-tekening | H17: ='Overzicht alle opdrachten'!B21 -> Storage / SMB
A18: aantekeningen/opmerkingen sprint4 | H18: ='Overzicht alle opdrachten'!B22 -> Users met homefolders en Profielen
A19: aantekeningen/opmerkingen sprint5 | H19: ='Overzicht alle opdrachten'!B23 -> Windows 10 in het domein
A20: aantekeningen/opmerkingen sprint6 | H20: ='Overzicht alle opdrachten'!B24 -> VPN (OpenVPN, SSTP (PSK), WG)
A21: aantekeningen/opmerkingen sprint7

Sheet Individuele opdrachtenpunten
A1: Onderwerp | B1: Onderdeel | C1: Max punten | D1: =Teamopdracht!$B4 -> 0 | E1: =Teamopdracht!$B5 -> 0 | F1: =Teamopdracht!$B6 -> 0 | G1: =Teamopdracht!$B7 -> 0 | H1: =Teamopdracht!$B8 -> 0 | I1: =Teamopdracht!$B9 -> 0
A2: {='Overzicht alle opdrachten'!E2:G2} -> Ansible | B2: Infra | C2: 3
A3: {='Overzicht alle opdrachten'!E3:G3} -> FRR Routing | B3: Infra | C3: 1
A4: {='Overzicht alle opdrachten'!E4:G4} -> IDM | B4: Infra | C4: 3
A5: {='Overzicht alle opdrachten'!E5:G5} -> Let's Encrypt Certificaat | B5: Infra | C5: 3
A6: {='Overzicht alle opdrachten'!E6:G6} -> LXC en/of Docker containers | B6: Infra | C6: 2
A7: {='Overzicht alle opdrachten'!E7:G7} -> Monitoring (Grafana. Prometheus, SNMP) | B7: Infra | C7: 1
A8: {='Overzicht alle opdrachten'!E8:G8} -> OSPF (Multi) of BGP | B8: Infra | C8: 3
A9: {='Overzicht alle opdrachten'!E9:G9} -> Proxy | B9: Infra | C9: 2
A10: {='Overzicht alle opdrachten'!E10:G10} -> Security | B10: Infra | C10: 1
A11: {='Overzicht alle opdrachten'!E11:G11} -> VRRP | B11: Infra | C11: 2
A12: {='Overzicht alle opdrachten'!E12:G12} -> 2e Mailserver | B12: Linux | C12: 3
A13: {='Overzicht alle opdrachten'!E13:G13} -> Crontab | B13: Linux | C13: 1
... A30: {='Overzicht alle opdrachten'!E30:G30} -> VPN Site to Site | B30: Windows / Linux | C30: 1
B31: Na overleg Docent
B32: Na overleg Docent
B33: Na overleg Docent
B34: Na overleg Docent
D35: =SUM(D2:D34) -> 0 | E35: =SUM(E2:E34) -> 0 | F35: =SUM(F2:F34) -> 0 | G35: =SUM(G2:G34) -> 0 | H35: =SUM(H2:H34) -> 0 | I35: =SUM(I2:I34) -> 0

Sheet Overzicht alle opdrachten
B1: Verplicht | C1: Onderdeel | E1: Optioneel | F1: Onderdeel | G1: Punten
B2: Demo draaiboek | C2: Algemeen | E2: Ansible | F2: Infra | G2: 3
B3: Documentatie | C3: Algemeen | E3: FRR Routing | F3: Infra | G3: 1
B4: Handleiding | C4: Algemeen | E4: IDM | F4: Infra | G4: 3
B5: IP Plan | C5: Algemeen | E5: Let's Encrypt Certificaat | F5: Infra | G5: 3
B6: Netwerk-tekening | C6: Algemeen | E6: LXC en/of Docker containers | F6: Infra | G6: 2
B7: ACL | C7: Infra | E7: Monitoring (Grafana. Prometheus, SNMP) | F7: Infra | G7: 1
B8: IPv6 | C8: Infra | E8: OSPF (Multi) of BGP | F8: Infra | G8: 3
B9: NAT/PAT | C9: Infra | E9: Proxy | F9: Infra | G9: 2
B10: Proxmox (2x) in cluster | C10: Infra | E10: Security | F10: Infra | G10: 1
B11: TrueNas als shared storage | C11: Infra | E11: VRRP | F11: Infra | G11: 2
B12: VM's Migreren | C12: Infra | E12: 2e Mailserver | F12: Linux | G12: 3
B13: VYOS met RIP of OSPF | C13: Infra | E13: Crontab | F13: Linux | G13: 1
... B24: VPN (OpenVPN, SSTP (PSK), WG) | C24: Windows / Linux | E24: RDP | F24: Windows | G24: 1
E25: Subdomein in Windows Domein | F25: Windows | G25: 1
E26: Load-balancer | F26: Windows / Linux | G26: 1
E27: RAID / LVM | F27: Windows / Linux | G27: 1
E28: Redundante DHCP | F28: Windows / Linux | G28: 1
E29: Script | F29: Windows / Linux | G29: 1
E30: VPN Site to Site | F30: Windows / Linux | G30: 1
